{
    "name":"DONNA  HARAWAY",
    "gender":"woman",
    "gender_color":"red",
    "researcharea":[
        "literature"
    ],
    "children_num":20,
    "children":[
        {
            "name":"KAREN A DEVRIES",
            "gender":"woman",
            "gender_color":"red",
            "researcharea":[
                "literature"
            ],
            "children_num":0
        },
        {
            "name":"NATALIE S LOVELESS",
            "gender":"woman",
            "gender_color":"red",
            "researcharea":[
                "literature"
            ],
            "children_num":0
        },
        {
            "name":"ALEXANDRA  KOELLE",
            "gender":"woman",
            "gender_color":"red",
            "researcharea":[
                "literature"
            ],
            "children_num":0
        },
        {
            "name":"ASTRID  SCHRADER",
            "gender":"woman",
            "gender_color":"red",
            "researcharea":[
                "literature"
            ],
            "children_num":0
        },
        {
            "name":"SCOUT A CALVERT",
            "gender":"woman",
            "gender_color":"red",
            "researcharea":[
                "literature"
            ],
            "children_num":0
        },
        {
            "name":"EVA  HAYWARD",
            "gender":"woman",
            "gender_color":"red",
            "researcharea":[
                "literature"
            ],
            "children_num":0
        },
        {
            "name":"BARBARA L LEY",
            "gender":"woman",
            "gender_color":"red",
            "researcharea":[
                "literature"
            ],
            "children_num":0
        },
        {
            "name":"NANCY  SAN MARTIN",
            "gender":"woman",
            "gender_color":"red",
            "researcharea":[
                "literature"
            ],
            "children_num":0
        },
        {
            "name":"LAURA J KUO",
            "gender":"woman",
            "gender_color":"red",
            "researcharea":[
                "literature"
            ],
            "children_num":0
        },
        {
            "name":"JOANNE M BARKER",
            "gender":"woman",
            "gender_color":"red",
            "researcharea":[
                "literature"
            ],
            "children_num":0
        },
        {
            "name":"SANDY ALLUCQUERE ROSANNE STONE",
            "gender":"woman",
            "gender_color":"red",
            "researcharea":[
                "literature"
            ],
            "children_num":0
        },
        {
            "name":"HEATHER M SCHELL",
            "gender":"woman",
            "gender_color":"red",
            "researcharea":[
                "literature"
            ],
            "children_num":0
        },
        {
            "name":"JULIAN C BLEECKER",
            "gender":"man",
            "gender_color":"blue",
            "researcharea":[
                "literature"
            ],
            "children_num":0
        },
        {
            "name":"MARK  BARTLETT",
            "gender":"man",
            "gender_color":"blue",
            "researcharea":[
                "literature"
            ],
            "children_num":0
        },
        {
            "name":"KRIS  WELLER",
            "gender":"unknown",
            "gender_color":"grey",
            "researcharea":[
                "literature"
            ],
            "children_num":0
        },
        {
            "name":"JOSHUA  LABARE",
            "gender":"man",
            "gender_color":"blue",
            "researcharea":[
                "literature"
            ],
            "children_num":0
        },
        {
            "name":"ANTHONY J COLLINS",
            "gender":"man",
            "gender_color":"blue",
            "researcharea":[
                "literature"
            ],
            "children_num":0
        },
        {
            "name":"LINDSEY  COLLINS",
            "gender":"unknown",
            "gender_color":"grey",
            "researcharea":[
                "literature"
            ],
            "children_num":0
        },
        {
            "name":"RON  EGLASH",
            "gender":"man",
            "gender_color":"blue",
            "researcharea":[
                "math"
            ],
            "children_num":1,
            "children":[
                {
                    "name":"TOLUWALOGO B ODUMOSU",
                    "gender":"unknown",
                    "gender_color":"grey",
                    "researcharea":[
                        "math"
                    ],
                    "children_num":0
                }
            ]
        }
    ]
}