{
    "name":"JENNIFER A DOUDNA",
    "gender":"woman",
    "gender_color":"red",
    "researcharea":[
        "chemistry",
        "cellbio"
    ],
    "children_num":98,
    "children":[
        {
            "name":"REBECCA L HANNA",
            "gender":"woman",
            "gender_color":"red",
            "researcharea":[
                "chemistry"
            ],
            "children_num":0
        },
        {
            "name":"ELIZABETH A DOHERTY",
            "gender":"woman",
            "gender_color":"red",
            "researcharea":[
                "chemistry"
            ],
            "children_num":0
        },
        {
            "name":"DIPALI G SASHITAL",
            "gender":"woman",
            "gender_color":"red",
            "researcharea":[
                "chemistry"
            ],
            "children_num":10,
            "children":[
                {
                    "name":"GINNY  NGUYEN",
                    "gender":"woman",
                    "gender_color":"red",
                    "researcharea":[
                        "chemistry"
                    ],
                    "children_num":0
                },
                {
                    "name":"PHONG  PHAN",
                    "gender":"man",
                    "gender_color":"blue",
                    "researcharea":[
                        "chemistry"
                    ],
                    "children_num":0
                },
                {
                    "name":"KARTHIK  MURUGAN",
                    "gender":"man",
                    "gender_color":"blue",
                    "researcharea":[
                        "chemistry"
                    ],
                    "children_num":0
                },
                {
                    "name":"CHAOYOU  XUE",
                    "gender":"unknown",
                    "gender_color":"grey",
                    "researcharea":[
                        "chemistry"
                    ],
                    "children_num":0
                },
                {
                    "name":"COURTNEY  DAVIS-VOGEL",
                    "gender":"unknown",
                    "gender_color":"grey",
                    "researcharea":[
                        "chemistry"
                    ],
                    "children_num":0
                },
                {
                    "name":"HAYUN  LEE",
                    "gender":"unknown",
                    "gender_color":"grey",
                    "researcharea":[
                        "chemistry"
                    ],
                    "children_num":0
                },
                {
                    "name":"JOHN  BROGIE",
                    "gender":"man",
                    "gender_color":"blue",
                    "researcharea":[
                        "chemistry"
                    ],
                    "children_num":0
                },
                {
                    "name":"YUKTI  DHINGRA",
                    "gender":"unknown",
                    "gender_color":"grey",
                    "researcharea":[
                        "chemistry"
                    ],
                    "children_num":0
                },
                {
                    "name":"MICHAEL  SCHELLING",
                    "gender":"man",
                    "gender_color":"blue",
                    "researcharea":[
                        "chemistry"
                    ],
                    "children_num":0
                },
                {
                    "name":"SHRAVANTI  SURESH",
                    "gender":"unknown",
                    "gender_color":"grey",
                    "researcharea":[
                        "chemistry"
                    ],
                    "children_num":0
                }
            ]
        },
        {
            "name":"TINA Y LIU",
            "gender":"woman",
            "gender_color":"red",
            "researcharea":[
                "cellbio"
            ],
            "children_num":0
        },
        {
            "name":"AMY  WEEKS",
            "gender":"woman",
            "gender_color":"red",
            "researcharea":[
                "chemistry"
            ],
            "children_num":0
        },
        {
            "name":"MARY A KIDWELL",
            "gender":"woman",
            "gender_color":"red",
            "researcharea":[
                "chemistry"
            ],
            "children_num":0
        },
        {
            "name":"RACHEL E HAURWITZ",
            "gender":"woman",
            "gender_color":"red",
            "researcharea":[
                "chemistry"
            ],
            "children_num":0
        },
        {
            "name":"KATHERINE E BERRY",
            "gender":"woman",
            "gender_color":"red",
            "researcharea":[
                "chemistry"
            ],
            "children_num":0
        },
        {
            "name":"WENDY V GILBERT",
            "gender":"woman",
            "gender_color":"red",
            "researcharea":[
                "chemistry"
            ],
            "children_num":1,
            "children":[
                {
                    "name":"PARITOSH  GANGARAMANI",
                    "gender":"unknown",
                    "gender_color":"grey",
                    "researcharea":[
                        "chemistry"
                    ],
                    "children_num":0
                }
            ]
        },
        {
            "name":"KATRIN  KARBSTEIN",
            "gender":"woman",
            "gender_color":"red",
            "researcharea":[
                "chemistry"
            ],
            "children_num":1,
            "children":[
                {
                    "name":"BETHANY S STRUNK",
                    "gender":"woman",
                    "gender_color":"red",
                    "researcharea":[
                        "fly"
                    ],
                    "children_num":0
                }
            ]
        },
        {
            "name":"ANGIE S GRECH",
            "gender":"woman",
            "gender_color":"red",
            "researcharea":[
                "chemistry"
            ],
            "children_num":0
        },
        {
            "name":"KRISTI E PULLEN",
            "gender":"woman",
            "gender_color":"red",
            "researcharea":[
                "chemistry"
            ],
            "children_num":0
        },
        {
            "name":"MONIKA  MARTICK",
            "gender":"woman",
            "gender_color":"red",
            "researcharea":[
                "chemistry"
            ],
            "children_num":0
        },
        {
            "name":"AARON S BREWSTER",
            "gender":"man",
            "gender_color":"blue",
            "researcharea":[
                "cellbio"
            ],
            "children_num":0
        },
        {
            "name":"SANDRO F ATAIDE",
            "gender":"man",
            "gender_color":"blue",
            "researcharea":[
                "microbiology"
            ],
            "children_num":0
        },
        {
            "name":"STEPHEN N FLOOR",
            "gender":"man",
            "gender_color":"blue",
            "researcharea":[
                "chemistry"
            ],
            "children_num":0
        },
        {
            "name":"BLAKE A WIEDENHEFT",
            "gender":"man",
            "gender_color":"blue",
            "researcharea":[
                "chemistry"
            ],
            "children_num":0
        },
        {
            "name":"FAI YIU SIU",
            "gender":"unknown",
            "gender_color":"grey",
            "researcharea":[
                "chemistry"
            ],
            "children_num":0
        },
        {
            "name":"GLEN M BORCHERT",
            "gender":"man",
            "gender_color":"blue",
            "researcharea":[
                "cellbio"
            ],
            "children_num":0
        },
        {
            "name":"PHILIP J KRANZUSCH",
            "gender":"man",
            "gender_color":"blue",
            "researcharea":[
                "microbiology"
            ],
            "children_num":0
        },
        {
            "name":"EUIYOUNG  BAE",
            "gender":"unknown",
            "gender_color":"grey",
            "researcharea":[
                "chemistry"
            ],
            "children_num":0
        },
        {
            "name":"BUNPOTE  SIRIDECHADILOK",
            "gender":"unknown",
            "gender_color":"grey",
            "researcharea":[
                "chemistry"
            ],
            "children_num":0
        },
        {
            "name":"JEFFREY SCOTT KIEFT",
            "gender":"man",
            "gender_color":"blue",
            "researcharea":[
                "cellbio"
            ],
            "children_num":5,
            "children":[
                {
                    "name":"MEGAN E FILBIN",
                    "gender":"woman",
                    "gender_color":"red",
                    "researcharea":[
                        "cellbio"
                    ],
                    "children_num":0
                },
                {
                    "name":"AMANDA Y KEEL",
                    "gender":"woman",
                    "gender_color":"red",
                    "researcharea":[
                        "cellbio"
                    ],
                    "children_num":0
                },
                {
                    "name":"JENNIFER S PFINGSTEN",
                    "gender":"woman",
                    "gender_color":"red",
                    "researcharea":[
                        "cellbio"
                    ],
                    "children_num":0
                },
                {
                    "name":"JAMES T WHITEHURST",
                    "gender":"man",
                    "gender_color":"blue",
                    "researcharea":[
                        "cellbio"
                    ],
                    "children_num":0
                },
                {
                    "name":"TERRA-DAWN M PLANK",
                    "gender":"unknown",
                    "gender_color":"grey",
                    "researcharea":[
                        "cellbio"
                    ],
                    "children_num":0
                }
            ]
        },
        {
            "name":"CHRISTOPHER S FRASER",
            "gender":"man",
            "gender_color":"blue",
            "researcharea":[
                "chemistry"
            ],
            "children_num":0
        },
        {
            "name":"SRINIVAS  CHAKRAVARTHY",
            "gender":"man",
            "gender_color":"blue",
            "researcharea":[
                "cellbio"
            ],
            "children_num":0
        },
        {
            "name":"AILONG  KE",
            "gender":"unknown",
            "gender_color":"grey",
            "researcharea":[
                "chemistry"
            ],
            "children_num":1,
            "children":[
                {
                    "name":"CHANGRUI  LU",
                    "gender":"unknown",
                    "gender_color":"grey",
                    "researcharea":[
                        "chemistry"
                    ],
                    "children_num":0
                }
            ]
        },
        {
            "name":"ANDREW A MEHLE",
            "gender":"man",
            "gender_color":"blue",
            "researcharea":[
                "microbiology"
            ],
            "children_num":0
        },
        {
            "name":"BRETT  STAAHL",
            "gender":"man",
            "gender_color":"blue",
            "researcharea":[
                "chemistry"
            ],
            "children_num":0
        },
        {
            "name":"DAVID W TAYLOR",
            "gender":"man",
            "gender_color":"blue",
            "researcharea":[
                "chemistry"
            ],
            "children_num":0
        },
        {
            "name":"LAN  ZHANG",
            "gender":"unknown",
            "gender_color":"grey",
            "researcharea":[
                "chemistry"
            ],
            "children_num":0
        },
        {
            "name":"IAN J MACRAE",
            "gender":"man",
            "gender_color":"blue",
            "researcharea":[
                "chemistry"
            ],
            "children_num":0
        },
        {
            "name":"NA  PI",
            "gender":"unknown",
            "gender_color":"grey",
            "researcharea":[
                "chemistry"
            ],
            "children_num":0
        },
        {
            "name":"BRYAN K CLARKSON",
            "gender":"man",
            "gender_color":"blue",
            "researcharea":[
                "chemistry"
            ],
            "children_num":0
        },
        {
            "name":"SAMUEL H STERNBERG",
            "gender":"man",
            "gender_color":"blue",
            "researcharea":[
                "chemistry"
            ],
            "children_num":4,
            "children":[
                {
                    "name":"SANNE  KLOMPE",
                    "gender":"woman",
                    "gender_color":"red",
                    "researcharea":[
                        "chemistry"
                    ],
                    "children_num":0
                },
                {
                    "name":"REBECA  KING",
                    "gender":"woman",
                    "gender_color":"red",
                    "researcharea":[
                        "chemistry"
                    ],
                    "children_num":0
                },
                {
                    "name":"LEO  VO",
                    "gender":"man",
                    "gender_color":"blue",
                    "researcharea":[
                        "chemistry"
                    ],
                    "children_num":0
                },
                {
                    "name":"TYLER S HALPIN-HEALY",
                    "gender":"man",
                    "gender_color":"blue",
                    "researcharea":[
                        "chemistry"
                    ],
                    "children_num":0
                }
            ]
        },
        {
            "name":"JAMIE H D CATE",
            "gender":"unknown",
            "gender_color":"grey",
            "researcharea":[
                "cellbio"
            ],
            "children_num":9,
            "children":[
                {
                    "name":"PADMA R GUNDA",
                    "gender":"woman",
                    "gender_color":"red",
                    "researcharea":[
                        "cellbio"
                    ],
                    "children_num":0
                },
                {
                    "name":"VERONICA  ZEPEDA",
                    "gender":"woman",
                    "gender_color":"red",
                    "researcharea":[
                        "cellbio"
                    ],
                    "children_num":0
                },
                {
                    "name":"CHRISTINA L SHENVI",
                    "gender":"woman",
                    "gender_color":"red",
                    "researcharea":[
                        "cellbio"
                    ],
                    "children_num":0
                },
                {
                    "name":"AUDRONE  LAPINAITE",
                    "gender":"woman",
                    "gender_color":"red",
                    "researcharea":[
                        "plantbio"
                    ],
                    "children_num":0
                },
                {
                    "name":"VEYSEL  BERK",
                    "gender":"man",
                    "gender_color":"blue",
                    "researcharea":[
                        "cellbio"
                    ],
                    "children_num":0
                },
                {
                    "name":"ALBERT A LIAU",
                    "gender":"man",
                    "gender_color":"blue",
                    "researcharea":[
                        "cellbio"
                    ],
                    "children_num":0
                },
                {
                    "name":"RAJ D PAI",
                    "gender":"man",
                    "gender_color":"blue",
                    "researcharea":[
                        "cellbio"
                    ],
                    "children_num":0
                },
                {
                    "name":"JACK A DUNKLE",
                    "gender":"man",
                    "gender_color":"blue",
                    "researcharea":[
                        "cellbio",
                        "chemistry"
                    ],
                    "children_num":0
                },
                {
                    "name":"JONATHAN M GALAZKA",
                    "gender":"man",
                    "gender_color":"blue",
                    "researcharea":[
                        "cellbio"
                    ],
                    "children_num":0
                }
            ]
        },
        {
            "name":"HARIDHA  SHIVRAM",
            "gender":"unknown",
            "gender_color":"grey",
            "researcharea":[
                "chemistry"
            ],
            "children_num":0
        },
        {
            "name":"ROBERT TODD BATEY",
            "gender":"man",
            "gender_color":"blue",
            "researcharea":[
                "chemistry"
            ],
            "children_num":11,
            "children":[
                {
                    "name":"REBECCA  MONTANGE",
                    "gender":"woman",
                    "gender_color":"red",
                    "researcharea":[
                        "neuro"
                    ],
                    "children_num":0
                },
                {
                    "name":"ANDREA L EDWARDS",
                    "gender":"woman",
                    "gender_color":"red",
                    "researcharea":[
                        "neuro"
                    ],
                    "children_num":0
                },
                {
                    "name":"JENNIFER L BOOTS",
                    "gender":"woman",
                    "gender_color":"red",
                    "researcharea":[
                        "neuro"
                    ],
                    "children_num":0
                },
                {
                    "name":"JOHN W HARDIN",
                    "gender":"man",
                    "gender_color":"blue",
                    "researcharea":[
                        "neuro"
                    ],
                    "children_num":0
                },
                {
                    "name":"SUNNY D GILBERT",
                    "gender":"unknown",
                    "gender_color":"grey",
                    "researcharea":[
                        "neuro"
                    ],
                    "children_num":0
                },
                {
                    "name":"DARREN L BATES",
                    "gender":"man",
                    "gender_color":"blue",
                    "researcharea":[
                        "neuro"
                    ],
                    "children_num":0
                },
                {
                    "name":"COLBY  STODDARD",
                    "gender":"man",
                    "gender_color":"blue",
                    "researcharea":[
                        "neuro"
                    ],
                    "children_num":0
                },
                {
                    "name":"ANDREW  GARST",
                    "gender":"man",
                    "gender_color":"blue",
                    "researcharea":[
                        "neuro"
                    ],
                    "children_num":0
                },
                {
                    "name":"JEREMIAH J TRAUSCH",
                    "gender":"man",
                    "gender_color":"blue",
                    "researcharea":[
                        "neuro"
                    ],
                    "children_num":0
                },
                {
                    "name":"ZACHARIAH E HOLMES",
                    "gender":"man",
                    "gender_color":"blue",
                    "researcharea":[
                        "chemistry"
                    ],
                    "children_num":0
                },
                {
                    "name":"ROMAN S IWASAKI",
                    "gender":"man",
                    "gender_color":"blue",
                    "researcharea":[
                        "chemistry"
                    ],
                    "children_num":0
                }
            ]
        },
        {
            "name":"ADRIAN R FERRE-D'AMARE",
            "gender":"man",
            "gender_color":"blue",
            "researcharea":[
                "physics"
            ],
            "children_num":1,
            "children":[
                {
                    "name":"NADEZHDA  KULSHINA",
                    "gender":"woman",
                    "gender_color":"red",
                    "researcharea":[
                        "physics"
                    ],
                    "children_num":0
                }
            ]
        },
        {
            "name":"NATHANAEL G LINTNER",
            "gender":"man",
            "gender_color":"blue",
            "researcharea":[
                "chemistry"
            ],
            "children_num":0
        },
        {
            "name":"MIGUEL A TALAVERA",
            "gender":"man",
            "gender_color":"blue",
            "researcharea":[
                "evol"
            ],
            "children_num":0
        },
        {
            "name":"MITCHELL R O'CONNELL",
            "gender":"man",
            "gender_color":"blue",
            "researcharea":[
                "chemistry"
            ],
            "children_num":0
        },
        {
            "name":"STEVEN  LIN",
            "gender":"man",
            "gender_color":"blue",
            "researcharea":[
                "microbiology"
            ],
            "children_num":0
        },
        {
            "name":"RYUYA  FUKUNAGA",
            "gender":"unknown",
            "gender_color":"grey",
            "researcharea":[
                "chemistry"
            ],
            "children_num":0
        },
        {
            "name":"PETER L ADAMS",
            "gender":"man",
            "gender_color":"blue",
            "researcharea":[
                "chemistry"
            ],
            "children_num":0
        },
        {
            "name":"DANIEL J BATTLE",
            "gender":"man",
            "gender_color":"blue",
            "researcharea":[
                "chemistry"
            ],
            "children_num":0
        },
        {
            "name":"ROBERT P RAMBO",
            "gender":"man",
            "gender_color":"blue",
            "researcharea":[
                "chemistry"
            ],
            "children_num":0
        },
        {
            "name":"ANDREJ  LUPTAK",
            "gender":"man",
            "gender_color":"blue",
            "researcharea":[
                "chemistry"
            ],
            "children_num":5,
            "children":[
                {
                    "name":"MONA  OUMAIS",
                    "gender":"woman",
                    "gender_color":"red",
                    "researcharea":[
                        "chemistry"
                    ],
                    "children_num":0
                },
                {
                    "name":"CASSANDRA R BURKE",
                    "gender":"woman",
                    "gender_color":"red",
                    "researcharea":[
                        "chemistry"
                    ],
                    "children_num":0
                },
                {
                    "name":"DANA J RUMINSKI",
                    "gender":"woman",
                    "gender_color":"red",
                    "researcharea":[
                        "chemistry"
                    ],
                    "children_num":0
                },
                {
                    "name":"CHIU-HO  WEBB",
                    "gender":"unknown",
                    "gender_color":"grey",
                    "researcharea":[
                        "chemistry"
                    ],
                    "children_num":0
                },
                {
                    "name":"NATHAN  RICCITELLI",
                    "gender":"man",
                    "gender_color":"blue",
                    "researcharea":[
                        "chemistry"
                    ],
                    "children_num":0
                }
            ]
        },
        {
            "name":"YUN  BAI",
            "gender":"unknown",
            "gender_color":"grey",
            "researcharea":[
                "chemistry"
            ],
            "children_num":0
        },
        {
            "name":"STEPHEN  WILSON",
            "gender":"man",
            "gender_color":"blue",
            "researcharea":[
                "chemistry"
            ],
            "children_num":0
        },
        {
            "name":"JAMES KARLO NUNEZ",
            "gender":"man",
            "gender_color":"blue",
            "researcharea":[
                "chemistry"
            ],
            "children_num":0
        }
    ]
}